<configuration>
    <property name="LOGS" value="C:/AuditLog" />
    <appender name="ROLLING" class="ch.qos.logback.core.rolling.RollingFileAppender">
        <file>${LOGS}/AuditConsumer.log</file>
        <rollingPolicy class="ch.qos.logback.core.rolling.SizeAndTimeBasedRollingPolicy">
            <fileNamePattern>${LOGS}/AUD-%d{yyyy-MM-dd_HH}.%i.log</fileNamePattern>
            <maxFileSize>10MB</maxFileSize>
        </rollingPolicy>
        <encoder>
            <pattern>[%d] : %-4relative [%thread] %-5level %logger{35} - [%F:%L] - %msg%n</pattern>
        </encoder>
    </appender>
    <root level="INFO">
        <appender-ref ref="ROLLING" />
    </root>
    <logger name = "com.imss.rc.*" level="ALL" additivity="false" >
        <appender-ref ref="ROLLING" />
    </logger>
</configuration>