{
  "module": "otm",
  "api_roles": [
    {
      "name": "v_my_training",
      "api": "/courses, /my/trainings, /my/certificates, /trainings/{id}",
      "methods": "GET",
      "desc" : "APIs to get the insurkart trainings"
    },
    {
      "name": "m_assign_trainings",
      "api": "/trainings/assign",
      "methods": "POST",
      "desc" : "APIs to Assign the insurkart trainings"
    },
    {
      "name": "m_update_trainings",
      "api": "/trainings/{id}",
      "methods": "PUT",
      "desc" : "API to update the assigned trainings"
    }
  ]
}