{
    "module": "config",
    "api_roles": [
      {
        "name": "v_config",
        "api": "/configs",
        "methods": "GET",
        "desc" : "APIs to view the configurations"
      },
      {
        "name": "v_config_ui",
        "api": "/configs/ui",
        "methods": "GET",
        "desc" : "APIs to retrieve all the configuration that are visible for the UI"
      },
      {
        "name": "v_config_groups",
        "api": "/config/groups",
        "methods": "GET",
        "desc" : "API to view the config groups"
      },
      {
        "name": "m_config",
        "api": "/configs, /configs/{id}",
        "methods": "PUT",
        "desc" : "APIs to manage the configurations"
      },
      {
        "name": "m_config_core_data",
        "api": "/core-data, /core-data/{id}",
        "methods": "PUT, POST, DELETE",
        "desc" : "APIs to manage the configuration core data"
      },
      {
        "name": "v_config_core_data",
        "api": "/core-data, /core-data/{id}, /multi-core-data",
        "methods": "GET",
        "desc" : "APIs to view the configuration core data"
      },
      {
        "name": "v_config_core_data_types",
        "api": "/core-data-types",
        "methods": "GET",
        "desc" : "APIs to view the configuration core data types"
      }
    ]
}