{
    "module": "txn",
    "api_roles": [
      {
        "name": "m_enquiry",
        "api": "/enquiry",
        "methods": "PUT, POST",
        "desc" : "APIs to add / update an enquiry"
      },
      {
        "name": "m_enquiry_otp",
        "api": "/enquiry/{enquiryId}/otp, /enquiry/{enquiryId}/otp/resend",
        "methods": "PUT",
        "desc" : "APIs to add / update an enquiry"
      },
      {
        "name": "v_enquiry",
        "api": "/enquiry, /enquiry/{id}, /enquiry/{enquiryId}/filters",
        "methods": "GET",
        "desc" : "API to view all enquiries or a specific enquiry"
      },
      {
        "name": "v_my_enquiry",
        "api": "/my/enquiries",
        "methods": "GET",
        "desc" : "API to view the the logged in user's enquiries"
      },
      {
        "name": "v_my_bookings",
        "api": "/my/bookings",
        "methods": "GET",
        "desc" : "API to view the the logged in user's bookings"
      },
      {
        "name": "v_quotes",
        "api": "/enquiry/{enquiryId}/quotes",
        "methods": "GET",
        "desc" : "API to view quotations for an enquiry"
      },
      {
        "name": "m_quote_sale",
        "api": "/enquiry/{enquiryId}/quotes/{quoteId}/sale, /enquiry/{enquiryId}/quotes/{quoteId}/payment, /enquiry/{enquiryId}/quotes/{quoteId}/otp",
        "methods": "POST",
        "desc" : "API to register the sale request for a quotation and the payment update"
      },
      {
        "name": "m_feedback_send_verify",
        "api": "/feedback/self/verify-link, /feedback/self/verify-otp, /feedback/agent/trigger, /feedback/agent/verify-otp",
        "methods": "POST",
        "desc" : "API to send and verify the otp for the customers and agents"
      },
      {
        "name": "m_feedback_save",
        "api": "/feedback/self/save",
        "methods": "POST",
        "desc" : "API to save the feedback description from customers and agents"
      },
      {
        "name": "v_feedback_send_email_link",
        "api": "/feedback/self/trigger/{policyId}",
        "methods": "GET",
        "desc" : "API to send the email link to customers and agents"
      },
      {
        "name": "agent_dashboard",
        "api": "/dashboard/{agentid}",
        "methods": "GET",
        "desc" : "API to view the details for the agent dashboard"
      },
      {
        "name": "manager_dashboard",
        "api": "/dashboard/stats/{agentid}",
        "methods": "GET",
        "desc" : "API to view the details for the manager dashboard"
      },
      {
        "name": "agent_dashboard_renewals",
        "api": "/policy/renewals/{month}",
        "methods": "GET",
        "desc" : "API to get the renewals for an agent for a month"
      },
      {
        "name": "v_policy",
        "api": "/policy/{policyid}",
        "methods": "GET",
        "desc" : "API to view the details of a specific policy"
      },
      {
        "name": "v_customers",
        "api": "/customers",
        "methods": "GET",
        "desc" : "API to view all customers based on the filters and regions assigned"
      },
      {
        "name": "v_my_customers",
        "api": "/my/customers",
        "methods": "GET",
        "desc" : "API to view the customers of the logged in user"
      },
      {
        "name": "v_renewals",
        "api": "/policy/renewals",
        "methods": "GET",
        "desc" : "API to view the renewals for a specific month"
      },
      {
        "name": "v_policies",
        "api": "/policy",
        "methods": "GET",
        "desc" : "API to view all policies based on the filters and regions assigned"
      },
      {
        "name": "v_my_policies",
        "api": "/my/policies",
        "methods": "GET",
        "desc" : "API to view the policies of the logged in user"
      },
      {
        "name": "v_quotes",
        "api": "/enquiry/{enquiryId}/quotes",
        "methods": "GET",
        "desc" : "API to view quotations for an enquiry"
      },
      {
        "name": "m_agent_mapping",
        "api": "/agent/regionMapping, /agent/regionMapping/{id}",
        "methods": "PUT, POST",
        "desc" : "API to manage the RoC agent region mapping"
      },
      {
        "name": "v_agent_mapping",
        "api": "/agent/regionMapping/{id}",
        "methods": "GET",
        "desc" : "API to view the RoC agent region mapping"
      },
      {
        "name": "v_txn_users_profile",
        "api": "/my/profile",
        "methods": "GET",
        "desc" : "API to view the users profile"
      }
    ]
}