{
  "module": "commission",
  "api_roles": [
    {
      "name": "m_commission_core_data",
      "api": "/core-data, /core-data/{id}",
      "methods": "PUT, POST, DELETE",
      "desc" : "APIs to manage the imd core data"
    },
    {
      "name": "v_commission_core_data",
      "api": "/core-data, /core-data/{id}, /multi-core-data",
      "methods": "GET",
      "desc" : "APIs to view the imd core data"
    },
    {
      "name": "v_commission_core_data_types",
      "api": "/core-data-types",
      "methods": "GET",
      "desc" : "APIs to view the imd core data types"
    },
    {
      "name": "m_commission_rules",
      "api": "/rules, /rules/{id}",
      "methods": "PUT, POST, DELETE",
      "desc": "APIs to manage the commission rules"
    },
    {
      "name": "v_commission_rules",
      "api": "/rules, /rules/{id}",
      "methods": "GET",
      "desc": "APIs to view the commission rules"
    },
    {
      "name": "v_commission_earned",
      "api": "/earned, /commission/earned/{id}",
      "methods": "GET",
      "desc": "APIs to view the commission earned by the logged in user"
    }
  ]
}