{
  "module": "auth",
  "api_roles": [
    {
      "name": "m_auth_core_data",
      "api": "/core-data, /core-data/{id}",
      "methods": "PUT, POST, DELETE",
      "desc" : "APIs to manage the auth core data"
    },
    {
      "name": "v_auth_core_data",
      "api": "/core-data, /core-data/{id}, /multi-core-data",
      "methods": "GET",
      "desc" : "APIs to view the auth core data"
    },
    {
      "name": "v_auth_core_data_types",
      "api": "/core-data-types",
      "methods": "GET",
      "desc" : "APIs to view the auth core data types"
    },
    {
      "name": "v_token_verify",
      "api": "/token/verify",
      "methods": "GET",
      "desc" : "APIs to verify a token"
    },
    {
      "name": "v_auth_menus",
      "api": "/menus",
      "methods": "GET",
      "desc" : "APIs to get the list of menus"
    },
    {
      "name": "v_auth_locations",
      "api": "/locations",
      "methods": "GET",
      "desc" : "APIs to get the list of locations"
    },
    {
      "name": "m_auth_users",
      "api": "/login/users, /login/users/{id}",
      "methods": "PUT, POST, DELETE",
      "desc" : "APIs to manage the users of the application"
    },
    {
      "name": "v_auth_users",
      "api": "/login/users, /login/users/{id},/users/filter/usertype",
      "methods": "GET",
      "desc" : "API to view the users of the application"
    },
    {
      "name": "m_auth_roles",
      "api": "/login/roles, /login/roles/{id}",
      "methods": "PUT, POST, DELETE",
      "desc" : "APIs to manage the users roles of the application"
    },
    {
      "name": "v_auth_roles",
      "api": "/login/roles, /login/roles/{id}, /login/roles/members/{groupId}",
      "methods": "GET",
      "desc" : "API to view the users roles of the application"
    },
    {
      "name": "v_auth_users_profile",
      "api": "/my/profile",
      "methods": "GET",
      "desc" : "API to view the users profile"
    } ,
    {
      "name": "g_short_token",
      "api": "/short-token",
      "methods": "POST",
      "desc" : "API to get short tokens"
    },
    {
      "name": "v_short_token",
      "api": "/short-token/verify",
      "methods": "PUT",
      "desc" : "API to verify short tokens"
    },
    {
      "name": "m_auth_users_profile",
      "api": "/my/profile",
      "methods": "PUT",
      "desc" : "API to manage the users profile"
    }

  ]
}