{
    "module": "tpi",
    "api_roles": [
      {
        "name": "m_tpi_core_data",
        "api": "/core-data, /core-data/{id}",
        "methods": "PUT, POST, DELETE",
        "desc" : "APIs to manage the tpi core data"
      },
      {
        "name": "v_tpi_core_data",
        "api": "/core-data, /core-data/{id}, /multi-core-data",
        "methods": "GET",
        "desc" : "APIs to view the tpi core data"
      },
      {
        "name": "v_tpi_core_data_types",
        "api": "/core-data-types",
        "methods": "GET",
        "desc" : "APIs to view the tpi core data types"
      },
      {
        "name": "m_tpi_payload_req",
        "api": "/payload/request/{productId}, /payload/request/{productId}/{id}",
        "methods": "PUT, POST, DELETE",
        "desc" : "APIs to manage payload requests fields"
      },
      {
        "name": "v_tpi_payload_req",
        "api": "/payload/request/{productId}, /payload/request/{productId}/{id}",
        "methods": "GET",
        "desc" : "API to view the payload requests fields"
      },
      {
        "name": "m_tpi_payload_res",
        "api": "/payload/response/{productId}, /payload/response/{productId}/{id}",
        "methods": "PUT, POST, DELETE",
        "desc" : "APIs to manage the payload response fields"
      },
      {
        "name": "v_tpi_payload_res",
        "api": "/payload/response/{productId}, /payload/response/{productId}/{id}",
        "methods": "GET",
        "desc" : "API to view the payload response fields"
      },
      {
        "name": "m_tpi_prd_map_config",
        "api": "/product/map/config, /product/map/config/{id}",
        "methods": "PUT, POST, DELETE",
        "desc" : "APIs to manage the product map configuration"
      },
      {
        "name": "v_tpi_prd_map_config",
        "api": "/product/map/config, /product/map/config/{id}",
        "methods": "GET",
        "desc" : "API to view the product map configuration"
      },
      {
        "name": "m_tpi_prd_map_checks",
        "api": "/product/map/checks, /product/map/checks/{id}",
        "methods": "PUT, POST, DELETE",
        "desc" : "APIs to manage the product map success/error checks"
      },
      {
        "name": "v_tpi_prd_map_checks",
        "api": "/product/map/checks, /product/map/checks/{id}",
        "methods": "GET",
        "desc" : "API to view the product map success/error checks"
      },
      {
        "name": "v_tpi_payload_response_inquiry_quotation",
        "api": "/payload/response/inquiry/{enquiryId}, /payload/response/quotation/{quotationId}",
        "methods": "GET",
        "desc" : "API to view the payload response for inquiry and quotation"
      }
    ]
}