{
    "module": "notify",
    "api_roles": [
      {
        "name": "m_notify_core_data",
        "api": "/core-data, /core-data/{id}",
        "methods": "PUT, POST, DELETE",
        "desc" : "APIs to manage the notification core data"
      }, {
        "name": "v_notify_core_data",
        "api": "/core-data, /core-data/{id}, /multi-core-data",
        "methods": "GET",
        "desc" : "APIs to view the notification core data"
      }, {
        "name": "v_notify_core_data_types",
        "api": "/core-data-types",
        "methods": "GET",
        "desc" : "APIs to view the notification core data types"
      },
      {
        "name": "m_notify_events",
        "api": "/notify/events, /notify/events/{id}",
        "methods": "PUT, POST, DELETE",
        "desc" : "APIs to manage the notification events"
      },
      {
        "name": "v_notify_events",
        "api": "/notify/events, /notify/events/{id}",
        "methods": "GET",
        "desc" : "API to view the notification events"
      },
      {
        "name": "m_notify_templates",
        "api": "/notify/templates, /notify/templates/{id}",
        "methods": "PUT, POST, DELETE",
        "desc" : "APIs to manage the notification templates"
      },
      {
        "name": "v_notify_templates",
        "api": "/notify/templates, /notify/templates/{id}",
        "methods": "GET",
        "desc" : "API to view the notification templates"
      },
      {
        "name": "v_all_notifications",
        "api": "/notify/notifications",
        "methods": "GET",
        "desc" : "APIs to view all the notifications"
      },
      {
        "name": "v_my_notifications",
        "api": "/notify/notifications/user/{userid}",
        "methods": "GET",
        "desc" : "APIs to view a user's own notifications"
      },
      {
        "name": "u_my_notifications",
        "api": "/notify/notifications/{id}",
        "methods": "PUT",
        "desc" : "APIs to update a user's own notifications"
      },
      {
        "name": "v_notify_pref",
        "api": "/notify/preferences/{userid}/{eventid}, /notify/preferences/{userId}",
        "methods": "GET",
        "desc" : "APIs to view the notification preferences of a user"
      },
      {
        "name": "m_notify_pref",
        "api": "/notify/preferences/{userid}/{eventid}",
        "methods": "PUT",
        "desc" : "APIs to update the notification preferences of a user"
      },
      {
        "name": "m_notify_send",
        "api": "/notify/send",
        "methods": "POST",
        "desc" : "APIs to send the notification to one ore more users"
      }
    ]
}