{
    "module": "audit",
    "api_roles": [
      {
        "name": "m_audit_core_data",
        "api": "/core-data",
        "methods": "PUT, POST, DELETE",
        "desc" : "APIs to manage the audit core data"
      },
      {
        "name": "v_audit_core_data",
        "api": "/core-data, /multi-core-data",
        "methods": "GET",
        "desc" : "APIs to view the audit core data"
      },
      {
        "name": "v_audit_core_data_types",
        "api": "/core-data-types",
        "methods": "GET",
        "desc" : "APIs to view the audit core data types"
      },
      {
        "name": "m_audit_events",
        "api": "/audit/events, /audit/events/{id}",
        "methods": "PUT, POST, DELETE",
        "desc" : "APIs to manage the audit events"
      },
      {
        "name": "v_audit_events",
        "api": "/audit/events, /audit/events/{id}",
        "methods": "GET",
        "desc" : "API to view the audit events"
      },
      {
        "name": "v_audit_details",
        "api": "/audit/details",
        "methods": "GET",
        "desc" : "API to view the audit details"
      }
    ]
}