{
    "module": "imd",
    "api_roles": [
      {
        "name": "m_imd_core_data",
        "api": "/core-data, /core-data/{id}",
        "methods": "PUT, POST, DELETE",
        "desc" : "APIs to manage the imd core data"
      },
      {
        "name": "v_imd_core_data",
        "api": "/core-data, /core-data/{id}, /multi-core-data",
        "methods": "GET",
        "desc" : "APIs to view the imd core data"
      },
      {
        "name": "v_imd_core_data_types",
        "api": "/core-data-types",
        "methods": "GET",
        "desc" : "APIs to view the imd core data types"
      },
      {
        "name": "m_fields",
        "api": "/insurance/fields, /insurance/fields/{id}",
        "methods": "PUT, POST, DELETE",
        "desc" : "APIs to manage the input fields"
      },{
        "name": "v_fields",
        "api": "/insurance/fields, /insurance/fields/{id}",
        "methods": "GET",
        "desc" : "API to view the input fields"
      },
      {
        "name": "m_products",
        "api": "/insurance/products, /insurance/products/{id}",
        "methods": "PUT, POST, DELETE",
        "desc" : "APIs to manage the insurance products"
      },
      {
        "name": "v_products",
        "api": "/insurance/products, /insurance/products/{id}",
        "methods": "GET",
        "desc" : "API to view the insurance products"
      },
      {
        "name": "m_sub_categories",
        "api": "/insurance/sub-categories, /insurance/sub-categories/{id}",
        "methods": "PUT, POST, DELETE",
        "desc" : "APIs to manage the insurance sub categories"
      },
      {
        "name": "v_sub_categories",
        "api": "/insurance/sub-categories, /insurance/sub-categories/{id}",
        "methods": "GET",
        "desc" : "API to view the insurance sub categories"
      },
      {
        "name": "m_providers",
        "api": "/insurance/providers, /insurance/providers/{id}",
        "methods": "PUT, POST, DELETE",
        "desc" : "APIs to manage the insurance providers"
      },
      {
        "name": "v_providers",
        "api": "/insurance/providers, /insurance/providers/{id}",
        "methods": "GET",
        "desc" : "API to view the insurance providers"
      },
      {
        "name": "m_product_types",
        "api": "/insurance/product-types, /insurance/product-types/{id}",
        "methods": "PUT, POST, DELETE",
        "desc" : "APIs to manage the insurance providers"
      },
      {
        "name": "v_product_types",
        "api": "/insurance/product-types, /insurance/product-types/{id}",
        "methods": "GET",
        "desc" : "API to view the insurance providers"
      }
    ]
}