{
  "common_client_roles" : [
      "v_config_ui", "v_token_verify", "v_notify_pref", "m_notify_pref",
    "v_auth_users_profile", "v_txn_users_profile", "v_my_notifications",
    "v_config_core_data", "g_short_token", "v_short_token","u_my_notifications"
  ],

  "menu_details": [
    {
      "name": "ipp-1-dashboard",
      "display_key": "menu.dashboard",
      "type": "collapse",
      "desc": "",
      "icon": "",
      "link": "",
      "parent": "",
      "client_roles": [],
      "order": 1
    },
    {
      "name": "ipp-101-dashboard-agent",
      "display_key": "menu.dashboard.agent",
      "type": "item",
      "desc": "Menu to display the agent dashboard",
      "icon": "zmdi zmdi-view-dashboard zmdi-hc-fw",
      "link": "/app/wireframes/dashboard/agents",
      "parent":"ipp-1-dashboard",
      "client_roles": ["agent_dashboard", "agent_dashboard_renewals", "v_auth_locations"],
      "order": 1
    },
    {
      "name": "ipp-102-dashboard-manager",
      "display_key": "menu.dashboard.manager",
      "type": "item",
      "desc": "Menu to display the manager dashboard",
      "icon": "zmdi zmdi-view-dashboard zmdi-hc-fw",
      "link": "/app/wireframes/dashboard/managers",
      "parent":"ipp-1-dashboard",
      "client_roles": [ "manager_dashboard", "v_auth_locations"],
      "order": 2
    },
    {
      "name": "ipp-2-insurance",
      "display_key": "menu.insurance",
      "type": "collapse",
      "desc": "Menu that will list all the insurance products available for sale, This menu will be generated based on the master data available",
      "icon": "zmdi zmdi-settings zmdi-hc-fw",
      "link": "",
      "parent": "",
      "client_roles": ["m_enquiry","v_products", "v_imd_core_data", "m_enquiry_otp",
        "v_my_enquiry", "v_quotes", "m_quote_sale","v_policy", "m_feedback_send_verify"
        , "m_feedback_save" , "v_feedback_send_email_link", "u_docs", "m_docs","v_docs",
        "v_fields", "v_enquiry"
      ],
      "order": 2
    },
    {
      "name": "ipp-2-admin",
      "display_key": "menu.administration",
      "type": "collapse",
      "desc": "",
      "icon": "zmdi zmdi-settings zmdi-hc-fw",
      "link": "",
      "parent": "",
      "client_roles": [],
      "order": 3
    },
    {
      "name": "ipp-201-admin-auth",
      "display_key": "menu.administration.Authorization",
      "type": "collapse",
      "desc": "",
      "icon": "zmdi zmdi-lock zmdi-hc-fw",
      "link": "",
      "parent": "ipp-2-admin",
      "client_roles": [],
      "order": 1
    },
    {
      "name": "ipp-20101-admin-auth-user",
      "display_key": "menu.administration.Authorization.UserManagement",
      "type": "item",
      "desc": "",
      "icon": "zmdi zmdi-account zmdi-hc-fw",
      "link": "/app/widgets/UserManagement",
      "parent": "ipp-201-admin-auth",
      "client_roles": ["m_auth_users", "v_auth_users", "v_audit_details","v_auth_core_data"],
      "order": 1
    },
    {
      "name": "ipp-20102-admin-auth-role",
      "display_key": "menu.administration.Authorization.RoleManagement",
      "type": "item",
      "desc": "",
      "icon": "zmdi zmdi-account zmdi-hc-fw",
      "link": "/app/widgets/RoleManagement",
      "parent": "ipp-201-admin-auth",
      "client_roles": ["m_auth_roles", "v_auth_roles", "v_auth_menus", "v_audit_details"],
      "order": 1
    },
    {
      "name": "ipp-202-admin-audit",
      "display_key": "menu.administration.audit",
      "type": "collapse",
      "desc": "",
      "icon": "zmdi zmdi-assignment zmdi-hc-fw",
      "link": "",
      "parent": "ipp-2-admin",
      "client_roles": [],
      "order": 2
    },
    {
      "name": "ipp-20201-admin-audit-events",
      "display_key": "menu.administration.audit.events",
      "type": "item",
      "desc": "",
      "icon": "zmdi zmdi-settings zmdi-hc-fw",
      "link": "/app/widgets/AuditEvents",
      "parent": "ipp-202-admin-audit",
      "client_roles": ["m_audit_events", "v_audit_events", "v_audit_core_data", "v_audit_details"],
      "order": 1
    },
    {
      "name": "ipp-203-admin-notify",
      "display_key": "menu.administration.Notifications",
      "type": "collapse",
      "desc": "",
      "icon": "zmdi zmdi-notifications zmdi-hc-fw",
      "link": "",
      "parent": "ipp-2-admin",
      "client_roles": [],
      "order": 3
    },
    {
      "name": "ipp-20301-admin-notify-events",
      "display_key": "menu.administration.notification.events",
      "type": "item",
      "desc": "",
      "icon": "zmdi zmdi-balance zmdi-hc-fw",
      "link": "/app/widgets/NotificationEvents",
      "parent": "ipp-203-admin-notify",
      "client_roles": ["v_notify_events", "m_notify_events", "v_audit_details"],
      "order": 1
    },
    {
      "name": "ipp-20302-admin-notify-templates",
      "display_key": "menu.administration.notification.templates",
      "type": "item",
      "desc": "",
      "icon": "zmdi zmdi-settings zmdi-hc-fw",
      "link": "/app/widgets/NotificationTemplate",
      "parent": "ipp-203-admin-notify",
      "client_roles": ["v_notify_templates", "m_notify_templates", "v_audit_details"],
      "order": 2
    },
    {
      "name": "ipp-20303-admin-send-notifications",
      "display_key": "send.notification.master.title",
      "type": "item",
      "desc": "",
      "icon": "zmdi zmdi-settings zmdi-hc-fw",
      "link": "/app/widgets/UserNotifications",
      "parent": "ipp-203-admin-notify",
      "client_roles": ["v_auth_roles","m_notify_send"],
      "order": 3
    },
    {
      "name": "ipp-204-admin-ins",
      "display_key": "menu.administration.insurance",
      "type": "collapse",
      "desc": "",
      "icon": "zmdi zmdi-settings zmdi-hc-fw",
      "link": "",
      "parent": "ipp-2-admin",
      "client_roles": [],
      "order": 3
    },
    {
      "name": "ipp-20401-admin-ins-sub-categories",
      "display_key": "menu.administration.insurance.subCategories",
      "type": "item",
      "desc": "",
      "icon": "zmdi zmdi-settings zmdi-hc-fw",
      "link": "/app/widgets/SubCategoryMaster",
      "parent": "ipp-204-admin-ins",
      "client_roles": ["v_imd_core_data", "v_sub_categories", "m_sub_categories", "v_audit_details"],
      "order": 1
    },
    {
      "name": "ipp-20402-admin-ins-input-fields",
      "display_key": "menu.administration.insurance.inputFields",
      "type": "item",
      "desc": "",
      "icon": "zmdi zmdi-settings zmdi-hc-fw",
      "link": "/app/widgets/InputFields",
      "parent": "ipp-204-admin-ins",
      "client_roles": ["v_imd_core_data", "v_fields", "m_fields", "v_audit_details"],
      "order": 2
    },
    {
      "name": "ipp-20403-admin-ins-prd-types",
      "display_key": "menu.administration.insurance.productTypes",
      "type": "item",
      "desc": "",
      "icon": "zmdi zmdi-settings zmdi-hc-fw",
      "link": "/app/widgets/ProductTypes",
      "parent": "ipp-204-admin-ins",
      "client_roles": ["v_product_types", "m_product_types", "v_audit_details"],
      "order": 3
    },
    {
      "name": "ipp-20404-admin-ins-products",
      "display_key": "menu.administration.insurance.products",
      "type": "item",
      "desc": "",
      "icon": "zmdi zmdi-settings zmdi-hc-fw",
      "link": "/app/widgets/ProductMaster",
      "parent": "ipp-204-admin-ins",
      "client_roles": ["v_imd_core_data","v_product_types", "v_sub_categories",
        "v_fields", "v_products", "m_products", "v_audit_details"
      ],
      "order": 4
    },
    {
      "name": "ipp-20405-admin-ins-providers",
      "display_key": "menu.administration.insurance.insuranceProviders",
      "type": "item",
      "desc": "",
      "icon": "zmdi zmdi-settings zmdi-hc-fw",
      "link": "/app/widgets/InsuranceProviders",
      "parent": "ipp-204-admin-ins",
      "client_roles": ["m_providers", "v_providers" ,"v_tpi_core_data", "v_products",
        "m_tpi_payload_req", "v_tpi_payload_req",
        "m_tpi_payload_res", "v_tpi_payload_res", "m_tpi_prd_map_config",
        "v_tpi_prd_map_config", "m_tpi_prd_map_checks", "v_tpi_prd_map_checks", "v_audit_details"
      ],
      "order": 5
    },
    {
      "name": "ipp-205-admin-config",
      "display_key": "menu.administration.config",
      "type": "item",
      "desc": "",
      "icon": "zmdi zmdi-settings zmdi-hc-fw",
      "link": "/app/widgets/Configuration",
      "parent": "ipp-2-admin",
      "client_roles": ["v_config","v_config_groups", "m_config", "v_config_core_data", "v_audit_details"],
      "order": 4
    },
    {
      "name": "ipp-206-admin-core-data",
      "display_key": "menu.administration.insurance.coreDataTypes",
      "type": "item",
      "desc": "",
      "icon": "zmdi zmdi-settings zmdi-hc-fw",
      "link": "/app/widgets/CoreDataTypes",
      "parent": "ipp-2-admin",
      "client_roles": ["v_config_core_data_types", "v_config_core_data", "m_config_core_data",
        "v_imd_core_data_types", "v_imd_core_data",  "m_imd_core_data",
        "v_notify_core_data_types", "v_notify_core_data",  "m_notify_core_data",
        "v_tpi_core_data_types", "v_tpi_core_data",  "m_tpi_core_data",
        "v_commission_core_data_types", "v_commission_core_data",  "m_commission_core_data",
        "v_audit_details","m_auth_core_data","v_auth_core_data","v_auth_core_data_types"
      ],
      "order": 5
    },
    {
      "name": "ipp-207-admin-operations",
      "display_key": "menu.administration.operations",
      "type": "collapse",
      "desc": "",
      "icon": "zmdi zmdi-settings zmdi-hc-fw",
      "link": "",
      "parent": "ipp-2-admin",
      "client_roles": [],
      "order": 6
    },
    {
      "name": "ipp-20701-admin-ins-agent-map",
      "display_key": "menu.administration.AgentMapping",
      "type": "item",
      "desc": "Menu to mange the RoC agent to region mapping",
      "icon": "zmdi zmdi-settings zmdi-hc-fw",
      "link": "/app/widgets/agentmapping",
      "parent": "ipp-207-admin-operations",
      "client_roles": ["v_agent_mapping", "m_agent_mapping", "v_audit_details"],
      "order": 1
    },
    {
      "name": "ipp-20702-admin-ins-commission",
      "display_key": "menu.administration.insurance.CommissionManagement",
      "type": "item",
      "desc": "Menu to manage the commission rules",
      "icon": "zmdi zmdi-settings zmdi-hc-fw",
      "link": "/app/widgets/CommissionManagement",
      "parent": "ipp-207-admin-operations",
      "client_roles": ["v_commission_rules", "m_commission_rules", "v_audit_details", "v_commission_core_data"],
      "order": 2
    },
    {
      "name": "ipp-20703-admin-ins-tpi-calls",
      "display_key": "menu.administration.insurance.ThirdPartyCall",
      "type": "item",
      "desc": "Menu to view the third party calls requests and responses",
      "icon": "zmdi zmdi-settings zmdi-hc-fw",
      "link": "/app/widgets/ThirdPartyCall",
      "parent": "ipp-207-admin-operations",
      "client_roles": ["v_tpi_payload_response_inquiry_quotation", "v_enquiry", "v_quotes"],
      "order": 3
    },
    {
      "name": "ipp-208-admin-trainings",
      "display_key": "menu.administration.training",
      "type": "collapse",
      "desc": "",
      "icon": "zmdi zmdi-settings zmdi-hc-fw",
      "link": "",
      "parent": "ipp-2-admin",
      "client_roles": [],
      "order": 7
    },
    {
      "name": "ipp-20801-admin-ins-training",
      "display_key": "menu.administration.training.assignUser",
      "type": "item",
      "desc": "Menu to manage the assign trainings",
      "icon": "zmdi zmdi-settings zmdi-hc-fw",
      "link": "/app/widgets/ManageTraining",
      "parent": "ipp-208-admin-trainings",
      "client_roles": ["m_assign_trainings","m_update_trainings"],
      "order": 1
    },
    {
      "name": "ipp-3-my-txns",
      "display_key": "menu.my.transactions",
      "type": "collapse",
      "desc": "",
      "icon": "",
      "link": "",
      "parent": "",
      "client_roles": [],
      "order": 4
    },
    {
      "name": "ipp-301-my-txns-customers",
      "display_key": "menu.administration.insurance.MyCustomers",
      "type": "item",
      "desc": "Menu to view all the customers added by the user",
      "icon": "zmdi zmdi-settings zmdi-hc-fw",
      "link": "/app/widgets/MyCustomers",
      "parent": "ipp-3-my-txns",
      "client_roles": ["v_auth_locations", "v_my_customers"],
      "order": 1
    },
    {
      "name": "ipp-302-my-txns-policy",
      "display_key": "menu.administration.insurance.MyPolicies",
      "type": "item",
      "desc": "Menu to view all the policies soled/renewed by the user",
      "icon": "zmdi zmdi-settings zmdi-hc-fw",
      "link": "/app/widgets/MyPolicies",
      "parent": "ipp-3-my-txns",
      "client_roles": ["v_auth_locations", "v_my_policies"],
      "order": 2
    },
    {
      "name": "ipp-303-my-txns-enquiry",
      "display_key": "menu.administration.insurance.MyEnquiries",
      "type": "item",
      "desc": "Menu to view all the enquiries logged by the user",
      "icon": "zmdi zmdi-settings zmdi-hc-fw",
      "link": "/app/widgets/MyEnquiries",
      "parent": "ipp-3-my-txns",
      "client_roles": ["v_auth_locations", "v_my_enquiry"],
      "order": 3
    },
    {
      "name": "ipp-304-my-txns-commission",
      "display_key": "menu.administration.insurance.MyCommission",
      "type": "item",
      "desc": "Menu to view the commission ledger of the commission earned",
      "icon": "zmdi zmdi-settings zmdi-hc-fw",
      "link": "/app/widgets/CommissionLedger",
      "parent": "ipp-3-my-txns",
      "client_roles": ["v_commission_earned"],
      "order": 4
    },
    {
      "name": "ipp-304-reports-bookings",
      "display_key": "menu.administration.RoCEnquiry",
      "type": "item",
      "desc": "Menu for the RoC agent to view the bookings assigned to the individual",
      "icon": "zmdi zmdi-settings zmdi-hc-fw",
      "link": "/app/widgets/MyBookings",
      "parent": "ipp-3-my-txns",
      "client_roles": ["v_my_bookings"],
      "order": 5
    },
    {
      "name": "ipp-305-helpdesk-tickets",
      "display_key": "menu.administration.insurkart.helpdesk.tickets",
      "type": "item",
      "desc": "Menu for managing the insurkart helpdesk tickets",
      "icon": "zmdi zmdi-settings zmdi-hc-fw",
      "link": "/app/widgets/TicketingSystem",
      "parent": "ipp-3-my-txns",
      "client_roles": ["v_my_tickets","m_my_tickets"],
      "order": 6
    },
    {
      "name": "ipp-306-insurkart-training",
      "display_key": "menu.administration.insurkart.training",
      "type": "item",
      "desc": "Menu for managing the insurkart training",
      "icon": "zmdi zmdi-settings zmdi-hc-fw",
      "link": "/app/widgets/MyTraining",
      "parent": "ipp-3-my-txns",
      "client_roles": ["v_my_training"],
      "order": 7
    },
    {
      "name": "ipp-4-lists",
      "display_key": "menu.lists",
      "type": "collapse",
      "desc": "",
      "icon": "",
      "link": "",
      "parent": "",
      "client_roles": [],
      "order": 5
    },
    {
      "name": "ipp-401-reports-customers",
      "display_key": "menu.administration.insurance.ListOfCustomers",
      "type": "item",
      "desc": "Menu to view all the customers added by the users that are in your hierarchy",
      "icon": "zmdi zmdi-settings zmdi-hc-fw",
      "link": "/app/widgets/ListOfCustomer",
      "parent": "ipp-4-lists",
      "client_roles": ["v_customers"],
      "order": 1
    },
    {
      "name": "ipp-402-reports-policy",
      "display_key": "menu.administration.insurance.ListOfPolicies",
      "type": "item",
      "desc": "Menu to view all the policies soled/renewed by the users that are in your hierarchy",
      "icon": "zmdi zmdi-settings zmdi-hc-fw",
      "link": "/app/widgets/ListOfPolicies",
      "parent": "ipp-4-lists",
      "client_roles": ["v_policies"],
      "order": 2
    },
    {
      "name": "ipp-403-reports-enquiry",
      "display_key": "menu.administration.insurance.EnquiryList",
      "type": "item",
      "desc": "Menu to view all the enquiries logged by the users that are in your hierarchy",
      "icon": "zmdi zmdi-settings zmdi-hc-fw",
      "link": "/app/widgets/EnquiryList",
      "parent": "ipp-4-lists",
      "client_roles": ["v_enquiry"],
      "order": 3
    },
    {
      "name": "ipp-404-reports-audit",
      "display_key": "menu.reports.audit",
      "type": "item",
      "desc": "Menu to view all the audit details",
      "icon": "zmdi zmdi-settings zmdi-hc-fw",
      "link": "/app/widgets/AuditMaster",
      "parent": "ipp-4-lists",
      "client_roles": ["v_audit_details"],
      "order": 4
    },
    {
      "name": "ipp-405-reports-notify",
      "display_key": "menu.reports.notification",
      "type": "item",
      "desc": "Menu to view all the notifications that were sent out",
      "icon": "zmdi zmdi-settings zmdi-hc-fw",
      "link": "/app/widgets/NotificationDetails",
      "parent": "ipp-4-lists",
      "client_roles": ["v_all_notifications"],
      "order": 5
    },
    {
      "name": "ipp-6-reports",
      "display_key": "menu.reports",
      "type": "collapse",
      "desc": "",
      "icon": "",
      "link": "",
      "parent": "",
      "client_roles": [],
      "order": 6
    },
    {
      "name": "ipp-601-reports-bus",
      "display_key": "menu.reports.business",
      "type": "collapse",
      "desc": "",
      "icon": "zmdi zmdi-settings zmdi-hc-fw",
      "link": "",
      "parent": "ipp-6-reports",
      "client_roles": [],
      "order": 1
    },
    {
      "name": "ipp-60101-reports-bus-ytd",
      "display_key": "menu.reports.business.ytd",
      "type": "item",
      "desc": "Revenue YTD report for a specific financial year",
      "icon": "zmdi zmdi-settings zmdi-hc-fw",
      "link": "/app/widgets/Reports?key=/IPP/Reports/Business_Revenue_YTD",
      "parent": "ipp-601-reports-bus",
      "client_roles": [],
      "order": 1
    },
    {
      "name": "ipp-60102-reports-bus-mtd",
      "display_key": "menu.reports.business.mtd",
      "type": "item",
      "desc": "Revenue MTD report for a specific month in a financial year",
      "icon": "zmdi zmdi-settings zmdi-hc-fw",
      "link": "/app/widgets/Reports?key=/IPP/Reports/Business_Revenue_MTD",
      "parent": "ipp-601-reports-bus",
      "client_roles": [],
      "order": 2
    },
    {
      "name": "ipp-602-reports-comp",
      "display_key": "menu.reports.compliance",
      "type": "collapse",
      "desc": "Reports related to the compliance reports that need to be generated for IRDAI",
      "icon": "zmdi zmdi-settings zmdi-hc-fw",
      "link": "",
      "parent": "ipp-6-reports",
      "client_roles": [],
      "order": 2
    },
    {
      "name": "ipp-603-reports-ops",
      "display_key": "menu.reports.operations",
      "type": "collapse",
      "desc": "Reports related to operations, includes Grievance, Agent reports",
      "icon": "zmdi zmdi-settings zmdi-hc-fw",
      "link": "",
      "parent": "ipp-6-reports",
      "client_roles": [],
      "order": 3
    },
    {
      "name": "ipp-604-reports-my",
      "display_key": "My Reports",
      "type": "collapse",
      "desc": "Reports related to the logged in user",
      "icon": "zmdi zmdi-settings zmdi-hc-fw",
      "link": "",
      "parent": "ipp-6-reports",
      "client_roles": [],
      "order": 4
    },
    {
      "name": "ipp-60102-reports-bus-mtd",
      "display_key": "Commission YTD",
      "type": "item",
      "desc": "Commission YTD report for a specific financial year",
      "icon": "zmdi zmdi-settings zmdi-hc-fw",
      "link": "/app/widgets/Reports?key=/IPP/Reports/My_Commission_YTD",
      "parent": "ipp-604-reports-my",
      "client_roles": [],
      "order": 1
    }
  ]

}