{
  "realm": "_REALM_ID_TO_BE_REPLACED_",
  "enabled": true,
  "ssoSessionIdleTimeout": "1200",
  "ssoSessionMaxLifespan": "1200",
  "accessTokenLifespan": "1200",
  "attributes": {
    "bruteForceProtected": true,
    "permanentLockout": false,
    "failureFactor": 3,
    "waitIncrementSeconds": 60,
    "defaultSignatureAlgorithm": "HS256"
  },
  "users": [
    {
      "username": "auth_admin",
      "credentials": [{
        "value": "admin123",
        "type": "password"
      }],
      "enabled" : true,
      "realmRoles": ["offline_access", "uma_authorization"],
      "clientRoles": {
        "realm-management": ["impersonation","manage-authorization","manage-clients","manage-identity-providers", "manage-realm", "manage-users", "view-client"],
        "account": ["manage-account","view_profile"]
      }
    }, {
      "username": "admin",
      "credentials": [{
          "value": "admin123",
          "type": "password"
      }],
      "enabled" : true,
      "realmRoles": ["offline_access", "uma_authorization"],
      "clientRoles": {
        "realm-management": ["impersonation","manage-authorization","manage-clients","manage-identity-providers", "manage-realm", "manage-users", "view-client"],
        "account": ["manage-account","view_profile"]
      }
    }
  ]
}