{
  "clientId": "_CLIENT_NAME_TO_BE_REPLACED_",
  "standardFlowEnabled": true,
  "directAccessGrantsEnabled": true,
  "serviceAccountsEnabled": true,
  "authorizationServicesEnabled": true,
  "protocolMappers": [
    {
      "name" : "loc_level1_id",
      "protocol": "openid-connect",
      "protocolMapper": "oidc-usermodel-attribute-mapper",
      "config" : {
        "userinfo.token.claim": "true",
        "user.attribute": "loc_level1_id",
        "id.token.claim": "true",
        "access.token.claim": "true",
        "claim.name": "loc_level1_id",
        "jsonType.label": "String"
      }
    },
    {
      "name" : "loc_level2_id",
      "protocol": "openid-connect",
      "protocolMapper": "oidc-usermodel-attribute-mapper",
      "config" : {
        "userinfo.token.claim": "true",
        "user.attribute": "loc_level1_id",
        "id.token.claim": "true",
        "access.token.claim": "true",
        "claim.name": "loc_level2_id",
        "jsonType.label": "String"
      }
    },
    {
      "name" : "loc_level3_id",
      "protocol": "openid-connect",
      "protocolMapper": "oidc-usermodel-attribute-mapper",
      "config" : {
        "userinfo.token.claim": "true",
        "user.attribute": "loc_level1_id",
        "id.token.claim": "true",
        "access.token.claim": "true",
        "claim.name": "loc_level3_id",
        "jsonType.label": "String"
      }
    },
    {
      "name" : "loc_level4_id",
      "protocol": "openid-connect",
      "protocolMapper": "oidc-usermodel-attribute-mapper",
      "config" : {
        "userinfo.token.claim": "true",
        "user.attribute": "loc_level1_id",
        "id.token.claim": "true",
        "access.token.claim": "true",
        "claim.name": "loc_level4_id",
        "jsonType.label": "String"
      }
    },
    {
      "name" : "sp_code",
      "protocol": "openid-connect",
      "protocolMapper": "oidc-usermodel-attribute-mapper",
      "config" : {
        "jsonType.label": "String",
        "userinfo.token.claim": "true",
        "user.attribute": "sp_code",
        "id.token.claim": "true",
        "access.token.claim": "true",
        "claim.name": "sp_code"
      }
    },
    {
      "name" : "sp_name",
      "protocol": "openid-connect",
      "protocolMapper": "oidc-usermodel-attribute-mapper",
      "config" : {
        "jsonType.label": "String",
        "userinfo.token.claim": "true",
        "user.attribute": "sp_name",
        "id.token.claim": "true",
        "access.token.claim": "true",
        "claim.name": "sp_name"
      }
    },
    {
      "name" : "full-name",
      "protocol": "openid-connect",
      "protocolMapper": "oidc-full-name-mapper",
      "config" : {
        "userinfo.token.claim": "true",
        "id.token.claim": "true",
        "access.token.claim": "true"
      }
    },
    {
      "name" : "email",
      "protocol": "openid-connect",
      "protocolMapper": "oidc-usermodel-property-mapper",
      "config" : {
        "jsonType.label": "String",
        "userinfo.token.claim": "true",
        "user.attribute": "email",
        "id.token.claim": "true",
        "access.token.claim": "true",
        "claim.name": "email"
      }
    },
    {
      "name" : "groups",
      "protocol": "openid-connect",
      "protocolMapper": "oidc-group-membership-mapper",
      "config" : {
        "full.path": "true",
        "id.token.claim": "true",
        "access.token.claim": "true",
        "claim.name": "groups",
        "userinfo.token.claim": "true"
      }
    },
    {
      "name" : "realm-roles",
      "protocol": "openid-connect",
      "protocolMapper": "oidc-usermodel-realm-role-mapper",
      "config" : {
        "multivalued": "true",
        "id.token.claim": "true",
        "access.token.claim": "true",
        "claim.name": "realmsroles",
        "userinfo.token.claim": "true",
        "jsonType.label": "String"
      }
    }
  ]
}