{
  "id" : 1,
  "eventId": 101,
  "code": "user.register.otp",
  "type": 1,
  "name": "User Registration OTP",
  "description": "OTP notification for user registration process",
  "template": [
    {
      "mode": "sms",
      "contentDetails": [
        {
          "language": "en",
          "content": "The OTP to register on the portal is {user.otp}"
        },
        {
          "language": "fr",
          "content": "Le bureau du Procureur pour s''inscrire sur le portail est le {user.otp}"
        }
      ],
      "toExpression": "user.mobile",
      "notifyLanguage": "user.lang"
    },
    {
      "mode": "email",
      "contentDetails": [
        {
          "language": "en",
          "content": "Hi {user.fullname}, Thank you registering on the portal, please click on {user.activatelink} to continue with the registration process",
          "title": "Activation Email"
        },
        {
          "language": "en",
          "content": "Bonjour {user.fullname}, Merci de vous inscrire sur le portail, veuillez cliquer sur {user.activatelink} pour continuer le processus d''inscription",
          "title": "Sujet du courriel"
        }
      ],
      "toExpression": "user.email",
      "notifyLanguage": "user.lang"
    },
    {
      "mode": "inapp",
      "contentDetails": [
        {
          "language": "en",
          "content": "The content of the in app notification",
          "title": "Notification title"
        },
        {
          "language": "fr",
          "content": "Le contenu de la notification dans l''application",
          "title": "Titre de la notification"
        }
      ],
      "toExpression": "user.id",
      "notifyLanguage": "user.lang"
    },
    {
      "mode": "push",
      "contentDetails": [
        {
          "language": "en",
          "content": "The content of the push notification",
          "title": "Notification title"
        },
        {
          "language": "fr",
          "content": "Le contenu de la notification dans l''application",
          "title": "Titre de la notification"
        }
      ],
      "toExpression": "user.mobile",
      "notifyLanguage": "user.lang"
    }
  ]
}