{
  "id" : 1,
  "eventId": 101,
  "code": "user.register.otp",
  "type": 1,
  "name": "User Registration OTP",
  "description": "OTP notification for user registration process",
  "template": "[{\"mode\":\"sms\",\"notifyLanguage\":\"user.lang\",\"toExpression\":\"user\",\"contentDetails\":[{\"language\":\"en\",\"title\":null,\"content\":\"The OTP to \"},{\"language\":\"fn\",\"title\":null,\"content\":\"Le bureau \"}]},{\"mode\":\"email\",\"notifyLanguage\":\"user.lang\",\"toExpression\":\"user.id\",\"contentDetails\":[{\"language\":\"fn\",\"title\":\"Email\",\"content\":\"Hi {user.fullname}\"},{\"language\":\"en\",\"title\":\"Sujet du courriel\",\"content\":\"Bonjour {user.fullname}\"}]},{\"mode\":\"inapp\",\"notifyLanguage\":\"user.lang\",\"toExpression\":\"user.id\",\"contentDetails\":[{\"language\":\"en\",\"title\":\"Notification \",\"content\":\"The content \"},{\"language\":\"fr\",\"title\":\"Titre de la notification\",\"content\":\"Le contenu de la notification dans l''application\"}]},{\"mode\":\"push\",\"notifyLanguage\":\"user.lang\",\"toExpression\":\"user.mobile\",\"contentDetails\":[{\"language\":\"en\",\"title\":\"Notification title\",\"content\":\"The content of the push notification\"},{\"language\":\"fr\",\"title\":\"Titre de la notification\",\"content\":\"Le contenu \"}]}]"
}